{
  "phase1_idle": {
    "cpu": {
      "min": 0.1,
      "max": 3.4,
      "avg": 0.6799999999999999,
      "samples": 10
    },
    "memory": {
      "min": 340.40625,
      "max": 343.046875,
      "avg": 341.95,
      "samples": 10
    },
    "threads": {
      "min": 21,
      "max": 25,
      "avg": 23.1,
      "samples": 10
    },
    "gpu": {
      "min": 0.0,
      "max": 26.32,
      "avg": 8.019,
      "samples": 10
    }
  },
  "phase2_connected": {
    "cpu": {
      "min": 97.9,
      "max": 148.2,
      "avg": 122.67,
      "samples": 10
    },
    "memory": {
      "min": 345.171875,
      "max": 368.125,
      "avg": 350.3765625,
      "samples": 10
    },
    "threads": {
      "min": 22,
      "max": 27,
      "avg": 23.0,
      "samples": 10
    },
    "gpu": {
      "min": 23.04,
      "max": 26.25,
      "avg": 24.834,
      "samples": 10
    }
  },
  "phase3_camera": {
    "cpu": {
      "min": 121.7,
      "max": 160.9,
      "avg": 136.86999999999998,
      "samples": 10
    },
    "memory": {
      "min": 1074.6875,
      "max": 7222.546875,
      "avg": 4146.771875,
      "samples": 10
    },
    "threads": {
      "min": 51,
      "max": 74,
      "avg": 53.6,
      "samples": 10
    },
    "gpu": {
      "min": 22.5,
      "max": 28.45,
      "avg": 24.837999999999997,
      "samples": 10
    }
  }
}